-- phpMyAdmin SQL Dump
-- version 5.2.1deb3
-- https://www.phpmyadmin.net/
--
-- Host: localhost:3306
-- Generation Time: May 24, 2026 at 06:41 AM
-- Server version: 8.0.45-0ubuntu0.24.04.1
-- PHP Version: 8.2.31

SET SQL_MODE = "NO_AUTO_VALUE_ON_ZERO";
START TRANSACTION;
SET time_zone = "+00:00";


/*!40101 SET @OLD_CHARACTER_SET_CLIENT=@@CHARACTER_SET_CLIENT */;
/*!40101 SET @OLD_CHARACTER_SET_RESULTS=@@CHARACTER_SET_RESULTS */;
/*!40101 SET @OLD_COLLATION_CONNECTION=@@COLLATION_CONNECTION */;
/*!40101 SET NAMES utf8mb4 */;

--
-- Database: `greenfields_mvp`
--

-- --------------------------------------------------------

--
-- Table structure for table `audit_trails`
--

CREATE TABLE `audit_trails` (
  `id` int NOT NULL,
  `incident_id` int NOT NULL,
  `user_id` int DEFAULT NULL,
  `aksi` varchar(50) NOT NULL,
  `data_sebelumnya` json DEFAULT NULL,
  `data_baru` json DEFAULT NULL,
  `created_at` timestamp NULL DEFAULT CURRENT_TIMESTAMP
) ENGINE=InnoDB DEFAULT CHARSET=utf8mb4 COLLATE=utf8mb4_0900_ai_ci;

--
-- Dumping data for table `audit_trails`
--

INSERT INTO `audit_trails` (`id`, `incident_id`, `user_id`, `aksi`, `data_sebelumnya`, `data_baru`, `created_at`) VALUES
(1, 1, 99, 'CREATED', NULL, '{\"message\": \"Auto-generated by IoT Sensor\"}', '2026-05-23 07:41:46'),
(2, 2, 99, 'CREATED', NULL, '{\"message\": \"Auto-generated by IoT Sensor\"}', '2026-05-23 07:41:51'),
(3, 3, 99, 'CREATED', NULL, '{\"message\": \"Auto-generated by IoT Sensor\"}', '2026-05-23 07:41:56'),
(4, 4, 99, 'CREATED', NULL, '{\"message\": \"Auto-generated by IoT Sensor\"}', '2026-05-23 07:42:01'),
(5, 5, 99, 'CREATED', NULL, '{\"message\": \"Auto-generated by IoT Sensor\"}', '2026-05-23 07:42:06'),
(6, 6, 99, 'CREATED', NULL, '{\"message\": \"Auto-generated by IoT Sensor\"}', '2026-05-23 07:42:11'),
(7, 7, 99, 'CREATED', NULL, '{\"message\": \"Auto-generated by IoT Sensor\"}', '2026-05-23 07:42:16'),
(8, 8, 99, 'CREATED', NULL, '{\"message\": \"Auto-generated by IoT Sensor\"}', '2026-05-23 07:42:21'),
(9, 9, 99, 'CREATED', NULL, '{\"message\": \"Auto-generated by IoT Sensor\"}', '2026-05-23 07:42:26'),
(10, 10, 99, 'CREATED', NULL, '{\"message\": \"Auto-generated by IoT Sensor\"}', '2026-05-23 07:42:31'),
(11, 11, 99, 'CREATED', NULL, '{\"message\": \"Auto-generated by IoT Sensor\"}', '2026-05-23 07:42:36'),
(12, 12, 99, 'CREATED', NULL, '{\"message\": \"Auto-generated by IoT Sensor\"}', '2026-05-23 07:42:41'),
(13, 13, 99, 'CREATED', NULL, '{\"message\": \"Auto-generated by IoT Sensor\"}', '2026-05-23 07:42:46'),
(14, 14, 99, 'CREATED', NULL, '{\"message\": \"Auto-generated by IoT Sensor\"}', '2026-05-23 07:42:51'),
(15, 15, 99, 'CREATED', NULL, '{\"message\": \"Auto-generated by IoT Sensor\"}', '2026-05-23 07:42:56'),
(16, 16, 99, 'CREATED', NULL, '{\"message\": \"Auto-generated by IoT Sensor\"}', '2026-05-23 07:43:01'),
(17, 17, 99, 'CREATED', NULL, '{\"message\": \"Auto-generated by IoT Sensor\"}', '2026-05-23 07:43:06'),
(18, 18, 99, 'CREATED', NULL, '{\"message\": \"Auto-generated by IoT Sensor\"}', '2026-05-23 07:43:11'),
(19, 19, 99, 'CREATED', NULL, '{\"message\": \"Auto-generated by IoT Sensor\"}', '2026-05-23 07:43:16'),
(20, 20, 99, 'CREATED', NULL, '{\"message\": \"Auto-generated by IoT Sensor\"}', '2026-05-23 07:43:21'),
(21, 21, 99, 'CREATED', NULL, '{\"message\": \"Auto-generated by IoT Sensor\"}', '2026-05-23 07:43:26'),
(22, 20, 2, 'ACKNOWLEDGED', NULL, '{\"message\": \"Status diubah ke INVESTIGATING oleh Ops Manager\"}', '2026-05-23 07:44:15'),
(23, 14, 2, 'SOFT_DELETED', NULL, '{\"message\": \"Incident ID 14 soft deleted.\"}', '2026-05-23 07:54:59'),
(24, 17, 2, 'SOFT_DELETED', NULL, '{\"message\": \"Incident ID 17 soft deleted.\"}', '2026-05-23 07:55:01'),
(25, 15, 2, 'SOFT_DELETED', NULL, '{\"message\": \"Incident ID 15 soft deleted.\"}', '2026-05-23 07:55:04'),
(26, 13, 2, 'SOFT_DELETED', NULL, '{\"message\": \"Incident ID 13 soft deleted.\"}', '2026-05-23 07:55:06'),
(27, 8, 2, 'SOFT_DELETED', NULL, '{\"message\": \"Incident ID 8 soft deleted.\"}', '2026-05-23 07:55:10'),
(28, 3, 2, 'SOFT_DELETED', NULL, '{\"message\": \"Incident ID 3 soft deleted.\"}', '2026-05-23 07:55:14'),
(29, 8, 2, 'RESTORED', NULL, '{\"message\": \"Insiden dikembalikan dari kotak sampah ke log aktif.\"}', '2026-05-23 07:55:22'),
(30, 12, 2, 'SOFT_DELETED', NULL, '{\"message\": \"Incident ID 12 soft deleted.\"}', '2026-05-23 07:59:30'),
(31, 16, 2, 'SOFT_DELETED', NULL, '{\"message\": \"Incident ID 16 soft deleted.\"}', '2026-05-23 07:59:33'),
(32, 7, 2, 'SOFT_DELETED', NULL, '{\"message\": \"Incident ID 7 soft deleted.\"}', '2026-05-23 07:59:35'),
(33, 19, 2, 'SOFT_DELETED', NULL, '{\"message\": \"Incident ID 19 soft deleted.\"}', '2026-05-23 07:59:37'),
(34, 2, 2, 'SOFT_DELETED', NULL, '{\"message\": \"Incident ID 2 soft deleted.\"}', '2026-05-23 07:59:39'),
(35, 1, 2, 'SOFT_DELETED', NULL, '{\"message\": \"Incident ID 1 soft deleted.\"}', '2026-05-23 07:59:41'),
(36, 18, 2, 'SOFT_DELETED', NULL, '{\"message\": \"Incident ID 18 soft deleted.\"}', '2026-05-23 07:59:44'),
(37, 20, 2, 'RESOLVED', NULL, '{\"message\": \"Insiden dinyatakan selesai (RESOLVED).\"}', '2026-05-23 08:03:06'),
(38, 20, 2, 'SOFT_DELETED', NULL, '{\"message\": \"Incident ID 20 soft deleted.\"}', '2026-05-23 08:04:00'),
(39, 21, 2, 'ACKNOWLEDGED', NULL, '{\"message\": \"Status diubah ke INVESTIGATING oleh Ops Manager\"}', '2026-05-23 08:04:13'),
(40, 11, 2, 'ACKNOWLEDGED', NULL, '{\"message\": \"Status diubah ke INVESTIGATING oleh Ops Manager\"}', '2026-05-23 08:04:14'),
(41, 10, 2, 'ACKNOWLEDGED', NULL, '{\"message\": \"Status diubah ke INVESTIGATING oleh Ops Manager\"}', '2026-05-23 08:04:14'),
(42, 8, 2, 'ACKNOWLEDGED', NULL, '{\"message\": \"Status diubah ke INVESTIGATING oleh Ops Manager\"}', '2026-05-23 08:04:15'),
(43, 5, 2, 'ACKNOWLEDGED', NULL, '{\"message\": \"Status diubah ke INVESTIGATING oleh Ops Manager\"}', '2026-05-23 08:04:17'),
(44, 20, 2, 'RESTORED', NULL, '{\"message\": \"Insiden dikembalikan dari kotak sampah ke log aktif.\"}', '2026-05-23 08:04:32'),
(45, 20, 2, 'SOFT_DELETED', NULL, '{\"message\": \"Incident ID 20 soft deleted.\"}', '2026-05-23 08:42:57'),
(46, 6, 2, 'ACKNOWLEDGED', NULL, '{\"message\": \"Status diubah ke INVESTIGATING oleh Ops Manager\"}', '2026-05-23 08:42:59'),
(47, 6, 2, 'RESOLVED', NULL, '{\"message\": \"Insiden dinyatakan selesai (RESOLVED).\"}', '2026-05-23 08:43:02'),
(48, 11, 2, 'RESOLVED', NULL, '{\"message\": \"Insiden dinyatakan selesai (RESOLVED).\"}', '2026-05-23 08:43:15'),
(49, 22, 1, 'CREATED', NULL, '{\"judul\": \"Database bengkak\", \"deskripsi\": \"misal\", \"reporter_id\": 1, \"severity_level\": \"CRITICAL\"}', '2026-05-23 08:46:57'),
(50, 23, 1, 'CREATED', NULL, '{\"judul\": \"database bengkak 2\", \"deskripsi\": \"misalnya\", \"reporter_id\": 1, \"severity_level\": \"CRITICAL\"}', '2026-05-23 08:47:17'),
(51, 22, 2, 'ACKNOWLEDGED', NULL, '{\"message\": \"Status diubah ke INVESTIGATING oleh Ops Manager\"}', '2026-05-23 08:47:21'),
(52, 23, 2, 'ACKNOWLEDGED', NULL, '{\"message\": \"Status diubah ke INVESTIGATING oleh Ops Manager\"}', '2026-05-23 08:47:33'),
(53, 22, 2, 'RESOLVED', NULL, '{\"message\": \"Insiden dinyatakan selesai (RESOLVED).\"}', '2026-05-23 08:47:39'),
(54, 5, 2, 'RESOLVED', NULL, '{\"message\": \"Insiden dinyatakan selesai (RESOLVED).\"}', '2026-05-23 08:47:47'),
(55, 4, 2, 'ACKNOWLEDGED', NULL, '{\"message\": \"Status diubah ke INVESTIGATING oleh Ops Manager\"}', '2026-05-23 08:48:04'),
(56, 4, 2, 'RESOLVED', NULL, '{\"message\": \"Insiden dinyatakan selesai (RESOLVED).\"}', '2026-05-23 08:48:14'),
(57, 23, 2, 'RESOLVED', NULL, '{\"message\": \"Insiden dinyatakan selesai (RESOLVED).\"}', '2026-05-23 08:48:24'),
(58, 24, 1, 'CREATED', NULL, '{\"judul\": \"test\", \"deskripsi\": \"test\", \"reporter_id\": 1, \"severity_level\": \"CRITICAL\"}', '2026-05-23 09:08:20'),
(59, 25, 1, 'CREATED', NULL, '{\"message\": \"Melaporkan insiden \\\"test2\\\" (CRITICAL) — oleh Operator A (Operator).\"}', '2026-05-23 09:08:44'),
(60, 25, 2, 'ACKNOWLEDGED', NULL, '{\"message\": \"Status diubah ke INVESTIGATING oleh Ops Manager\"}', '2026-05-23 09:09:34'),
(61, 24, 2, 'ACKNOWLEDGED', NULL, '{\"message\": \"Status diubah ke INVESTIGATING oleh Ops Manager\"}', '2026-05-23 09:09:39'),
(62, 24, 2, 'RESOLVED', NULL, '{\"message\": \"Insiden dinyatakan selesai (RESOLVED).\"}', '2026-05-23 09:10:25'),
(63, 25, 2, 'RESOLVED', NULL, '{\"message\": \"Insiden dinyatakan selesai (RESOLVED).\"}', '2026-05-23 09:10:33'),
(64, 26, 1, 'CREATED', NULL, '{\"message\": \"Melaporkan insiden \\\"testb\\\" (INFO) — oleh Operator A (Operator).\"}', '2026-05-23 10:04:31'),
(65, 8, 2, 'RESOLVED', NULL, '{\"message\": \"Insiden dinyatakan selesai (RESOLVED).\"}', '2026-05-23 10:11:25'),
(66, 9, 2, 'ACKNOWLEDGED', NULL, '{\"message\": \"Status diubah ke INVESTIGATING oleh Ops Manager\"}', '2026-05-23 10:11:47'),
(67, 9, 2, 'RESOLVED', NULL, '{\"message\": \"Insiden dinyatakan selesai (RESOLVED).\"}', '2026-05-23 10:11:55'),
(68, 27, 1, 'CREATED', NULL, '{\"message\": \"Melaporkan insiden \\\"testc\\\" (INFO) — oleh Operator A (Operator).\"}', '2026-05-23 10:12:45'),
(69, 28, 1, 'CREATED', NULL, '{\"message\": \"Melaporkan insiden \\\"test op\\\" (CRITICAL) — oleh Operator A (Operator).\"}', '2026-05-23 10:41:52'),
(70, 29, 2, 'CREATED', NULL, '{\"message\": \"Melaporkan insiden \\\"test32\\\" (CRITICAL) — oleh Manager Ops (Manager).\"}', '2026-05-23 10:42:19'),
(71, 30, 1, 'CREATED', NULL, '{\"message\": \"Melaporkan insiden \\\"test33\\\" (CRITICAL) — oleh Operator A (Operator).\"}', '2026-05-23 11:08:10'),
(72, 30, 2, 'ACKNOWLEDGED', NULL, '{\"message\": \"Status diubah ke INVESTIGATING oleh Ops Manager\"}', '2026-05-23 11:11:20'),
(73, 28, 2, 'ACKNOWLEDGED', NULL, '{\"message\": \"Status diubah ke INVESTIGATING oleh Ops Manager\"}', '2026-05-23 11:12:23'),
(74, 28, 2, 'RESOLVED', NULL, '{\"message\": \"Insiden dinyatakan selesai (RESOLVED).\"}', '2026-05-23 11:29:39'),
(75, 30, 2, 'RESOLVED', NULL, '{\"message\": \"Insiden dinyatakan selesai (RESOLVED).\"}', '2026-05-23 11:29:41'),
(76, 31, 1, 'CREATED', NULL, '{\"message\": \"Melaporkan insiden \\\"test\\\" (CRITICAL) — oleh Operator A (Operator).\"}', '2026-05-23 11:31:13'),
(77, 27, 2, 'SOFT_DELETED', NULL, '{\"message\": \"Incident ID 27 soft deleted.\"}', '2026-05-23 11:38:36'),
(78, 29, 2, 'RESOLVED', NULL, '{\"message\": \"Insiden dinyatakan selesai (RESOLVED).\"}', '2026-05-23 12:39:08'),
(79, 31, 2, 'ACKNOWLEDGED', NULL, '{\"message\": \"Status diubah ke INVESTIGATING oleh Ops Manager\"}', '2026-05-23 12:39:17'),
(80, 32, 2, 'CREATED', NULL, '{\"message\": \"Melaporkan insiden \\\"nmnm\\\" (CRITICAL) — oleh Manager Ops (Manager).\"}', '2026-05-23 12:41:57'),
(81, 32, 2, 'ACKNOWLEDGED', NULL, '{\"message\": \"Status diubah ke INVESTIGATING oleh Ops Manager\"}', '2026-05-23 13:03:08'),
(82, 31, 2, 'RESOLVED', NULL, '{\"message\": \"Insiden dinyatakan selesai (RESOLVED).\"}', '2026-05-23 13:04:44'),
(83, 32, 2, 'RESOLVED', NULL, '{\"message\": \"Insiden dinyatakan selesai (RESOLVED).\"}', '2026-05-23 13:04:48'),
(84, 33, 99, 'CREATED', NULL, '{\"message\": \"Auto-generated by IoT Sensor\"}', '2026-05-23 13:08:18'),
(85, 34, 99, 'CREATED', NULL, '{\"message\": \"Auto-generated by IoT Sensor\"}', '2026-05-23 13:08:23'),
(86, 35, 99, 'CREATED', NULL, '{\"message\": \"Auto-generated by IoT Sensor\"}', '2026-05-23 13:08:28'),
(87, 36, 99, 'CREATED', NULL, '{\"message\": \"Auto-generated by IoT Sensor\"}', '2026-05-23 13:08:33'),
(88, 37, 99, 'CREATED', NULL, '{\"message\": \"Auto-generated by IoT Sensor\"}', '2026-05-23 13:08:38'),
(89, 38, 99, 'CREATED', NULL, '{\"message\": \"Auto-generated by IoT Sensor\"}', '2026-05-23 13:08:43'),
(90, 39, 99, 'CREATED', NULL, '{\"message\": \"Auto-generated by IoT Sensor\"}', '2026-05-23 13:08:48'),
(91, 40, 99, 'CREATED', NULL, '{\"message\": \"Auto-generated by IoT Sensor\"}', '2026-05-23 13:08:53'),
(92, 41, 99, 'CREATED', NULL, '{\"message\": \"Auto-generated by IoT Sensor\"}', '2026-05-23 13:08:58'),
(93, 42, 99, 'CREATED', NULL, '{\"message\": \"Auto-generated by IoT Sensor\"}', '2026-05-23 13:09:03'),
(94, 43, 99, 'CREATED', NULL, '{\"message\": \"Auto-generated by IoT Sensor\"}', '2026-05-23 13:09:08'),
(95, 44, 99, 'CREATED', NULL, '{\"message\": \"Auto-generated by IoT Sensor\"}', '2026-05-23 13:09:13'),
(96, 45, 99, 'CREATED', NULL, '{\"message\": \"Auto-generated by IoT Sensor\"}', '2026-05-23 13:09:18'),
(97, 46, 99, 'CREATED', NULL, '{\"message\": \"Auto-generated by IoT Sensor\"}', '2026-05-23 13:09:23'),
(98, 47, 99, 'CREATED', NULL, '{\"message\": \"Auto-generated by IoT Sensor\"}', '2026-05-23 13:09:28'),
(99, 48, 1, 'CREATED', NULL, '{\"message\": \"Melaporkan insiden \\\"critical\\\" (CRITICAL) — oleh Operator A (Operator).\"}', '2026-05-23 13:50:35'),
(100, 49, 1, 'CREATED', NULL, '{\"message\": \"Melaporkan insiden \\\"critical\\\" (CRITICAL) — oleh Operator A (Operator).\"}', '2026-05-23 13:50:50'),
(101, 48, 2, 'SOFT_DELETED', NULL, '{\"message\": \"Incident ID 48 soft deleted.\"}', '2026-05-23 13:51:02'),
(102, 50, 1, 'CREATED', NULL, '{\"message\": \"Melaporkan insiden \\\"critical 2\\\" (CRITICAL) — oleh Operator A (Operator).\"}', '2026-05-23 13:51:14'),
(103, 49, 2, 'ACKNOWLEDGED', NULL, '{\"message\": \"Status diubah ke INVESTIGATING oleh Ops Manager\"}', '2026-05-23 13:51:52'),
(104, 38, 2, 'ACKNOWLEDGED', NULL, '{\"message\": \"Status diubah ke INVESTIGATING oleh Ops Manager\"}', '2026-05-23 13:52:06'),
(105, 33, 2, 'ACKNOWLEDGED', NULL, '{\"message\": \"Status diubah ke INVESTIGATING oleh Ops Manager\"}', '2026-05-23 13:52:15'),
(106, 36, 2, 'SOFT_DELETED', NULL, '{\"message\": \"Incident ID 36 soft deleted.\"}', '2026-05-23 13:52:18'),
(107, 37, 2, 'SOFT_DELETED', NULL, '{\"message\": \"Incident ID 37 soft deleted.\"}', '2026-05-23 13:52:20'),
(108, 46, 2, 'SOFT_DELETED', NULL, '{\"message\": \"Incident ID 46 soft deleted.\"}', '2026-05-23 13:52:23'),
(109, 38, 2, 'RESOLVED', NULL, '{\"message\": \"Insiden dinyatakan selesai (RESOLVED).\"}', '2026-05-23 13:52:34'),
(110, 49, 2, 'RESOLVED', NULL, '{\"message\": \"Insiden dinyatakan selesai (RESOLVED).\"}', '2026-05-23 14:03:11'),
(111, 21, 2, 'RESOLVED', NULL, '{\"message\": \"Insiden dinyatakan selesai (RESOLVED).\"}', '2026-05-23 14:06:34'),
(112, 50, 2, 'ACKNOWLEDGED', NULL, '{\"message\": \"Status diubah ke INVESTIGATING oleh Ops Manager\"}', '2026-05-23 14:07:05'),
(113, 42, 2, 'ACKNOWLEDGED', NULL, '{\"message\": \"Status diubah ke INVESTIGATING oleh Ops Manager\"}', '2026-05-23 14:07:13'),
(114, 34, 2, 'ACKNOWLEDGED', NULL, '{\"message\": \"Status diubah ke INVESTIGATING oleh Ops Manager\"}', '2026-05-23 21:37:29'),
(115, 41, 2, 'ACKNOWLEDGED', NULL, '{\"message\": \"Status diubah ke INVESTIGATING oleh Ops Manager\"}', '2026-05-23 21:37:32'),
(116, 47, 2, 'ACKNOWLEDGED', NULL, '{\"message\": \"Status diubah ke INVESTIGATING oleh Ops Manager\"}', '2026-05-23 21:37:44'),
(117, 33, 2, 'RESOLVED', NULL, '{\"message\": \"Insiden dinyatakan selesai (RESOLVED).\"}', '2026-05-23 21:37:58'),
(118, 26, 2, 'ACKNOWLEDGED', NULL, '{\"message\": \"Status diubah ke INVESTIGATING oleh Ops Manager\"}', '2026-05-23 21:38:17'),
(119, 50, 2, 'RESOLVED', NULL, '{\"message\": \"Insiden dinyatakan selesai (RESOLVED).\"}', '2026-05-23 21:38:27'),
(120, 42, 2, 'RESOLVED', NULL, '{\"message\": \"Insiden dinyatakan selesai (RESOLVED).\"}', '2026-05-23 21:38:37'),
(121, 35, 2, 'ACKNOWLEDGED', NULL, '{\"message\": \"Status diubah ke INVESTIGATING oleh Ops Manager\"}', '2026-05-23 22:02:44'),
(122, 39, 2, 'ACKNOWLEDGED', NULL, '{\"message\": \"Status diubah ke INVESTIGATING oleh Ops Manager\"}', '2026-05-23 22:02:58'),
(123, 10, 2, 'RESOLVED', NULL, '{\"message\": \"Insiden dinyatakan selesai (RESOLVED).\"}', '2026-05-23 22:03:15'),
(124, 51, 2, 'CREATED', NULL, '{\"message\": \"Melaporkan insiden \\\"critical\\\" (CRITICAL) — oleh Manager Ops (Manager).\"}', '2026-05-23 22:03:49'),
(125, 52, 2, 'CREATED', NULL, '{\"message\": \"Melaporkan insiden \\\"critical 2\\\" (CRITICAL) — oleh Manager Ops (Manager).\"}', '2026-05-23 22:04:16'),
(126, 51, 2, 'ACKNOWLEDGED', NULL, '{\"message\": \"Status diubah ke INVESTIGATING oleh Ops Manager\"}', '2026-05-23 22:05:17'),
(127, 52, 2, 'ACKNOWLEDGED', NULL, '{\"message\": \"Status diubah ke INVESTIGATING oleh Ops Manager\"}', '2026-05-23 22:05:24'),
(128, 26, 2, 'RESOLVED', NULL, '{\"message\": \"Insiden dinyatakan selesai (RESOLVED).\"}', '2026-05-23 22:17:05'),
(129, 53, 1, 'CREATED', NULL, '{\"message\": \"Melaporkan insiden \\\"warning\\\" (WARNING) — oleh Operator A (Operator).\"}', '2026-05-23 22:22:08'),
(130, 54, 1, 'CREATED', NULL, '{\"message\": \"Melaporkan insiden \\\"parah\\\" (CRITICAL) — oleh Operator A (Operator).\"}', '2026-05-23 22:25:25'),
(131, 54, 2, 'ACKNOWLEDGED', NULL, '{\"message\": \"Status diubah ke INVESTIGATING oleh Ops Manager\"}', '2026-05-23 22:25:47'),
(132, 52, 2, 'RESOLVED', NULL, '{\"message\": \"Insiden dinyatakan selesai (RESOLVED).\"}', '2026-05-23 22:26:25'),
(133, 55, NULL, 'CREATED', NULL, '{\"message\": \"Melaporkan insiden \\\"Suhu Mesin B Turun\\\" (INFO) — oleh User ID undefined.\"}', '2026-05-24 05:50:10'),
(134, 60, 2, 'CREATED', NULL, '{\"message\": \"Melaporkan insiden \\\"Suhu Mesin W Naik drastis\\\" (CRITICAL) — oleh Staf Lapangan (Operator).\"}', '2026-05-24 06:12:44'),
(135, 48, 1, 'RESTORED', NULL, '{\"message\": \"Insiden dikembalikan dari kotak sampah ke log aktif.\"}', '2026-05-24 06:19:33'),
(136, 48, 1, 'ACKNOWLEDGED', NULL, '{\"message\": \"Status diubah ke INVESTIGATING oleh Ops Manager\"}', '2026-05-24 06:19:42'),
(137, 48, 1, 'SOFT_DELETED', NULL, '{\"message\": \"Incident ID 48 soft deleted.\"}', '2026-05-24 06:19:50'),
(138, 51, 1, 'RESOLVED', NULL, '{\"message\": \"Insiden dinyatakan selesai (RESOLVED).\"}', '2026-05-24 06:19:57'),
(139, 60, 1, 'ACKNOWLEDGED', NULL, '{\"message\": \"Status diubah ke INVESTIGATING oleh Ops Manager\"}', '2026-05-24 06:20:05'),
(140, 60, 1, 'RESOLVED', NULL, '{\"message\": \"Insiden dinyatakan selesai (RESOLVED).\"}', '2026-05-24 06:20:15'),
(141, 61, 2, 'CREATED', NULL, '{\"message\": \"Melaporkan insiden \\\"Alert Server\\\" (CRITICAL) — oleh Staf Lapangan (Operator).\"}', '2026-05-24 06:21:18');

-- --------------------------------------------------------

--
-- Table structure for table `incident_logs`
--

CREATE TABLE `incident_logs` (
  `id` int NOT NULL,
  `judul` varchar(255) NOT NULL,
  `deskripsi` text NOT NULL,
  `severity_level` enum('CRITICAL','WARNING','INFO') DEFAULT 'INFO',
  `status` enum('OPEN','INVESTIGATING','RESOLVED') DEFAULT 'OPEN',
  `reporter_id` int DEFAULT NULL,
  `created_at` timestamp NULL DEFAULT CURRENT_TIMESTAMP,
  `is_deleted` tinyint(1) DEFAULT '0'
) ENGINE=InnoDB DEFAULT CHARSET=utf8mb4 COLLATE=utf8mb4_0900_ai_ci;

--
-- Dumping data for table `incident_logs`
--

INSERT INTO `incident_logs` (`id`, `judul`, `deskripsi`, `severity_level`, `status`, `reporter_id`, `created_at`, `is_deleted`) VALUES
(1, 'Kalibrasi Sensor Kelembapan', 'Sensor di sektor B telah dikalibrasi ulang oleh tim shift pagi.', 'INFO', 'OPEN', NULL, '2026-05-23 07:41:46', 1),
(2, 'Kalibrasi Sensor Kelembapan', 'Sensor di sektor B telah dikalibrasi ulang oleh tim shift pagi.', 'INFO', 'OPEN', NULL, '2026-05-23 07:41:51', 1),
(3, 'Kapasitas RAM Server Hampir Penuh', 'Penggunaan memori mencapai 88%. Menunggu auto-scaling aktif.', 'WARNING', 'OPEN', NULL, '2026-05-23 07:41:56', 1),
(4, 'Kalibrasi Sensor Kelembapan', 'Sensor di sektor B telah dikalibrasi ulang oleh tim shift pagi.', 'INFO', 'RESOLVED', NULL, '2026-05-23 07:42:01', 0),
(5, 'Kapasitas RAM Server Hampir Penuh', 'Penggunaan memori mencapai 88%. Menunggu auto-scaling aktif.', 'WARNING', 'RESOLVED', NULL, '2026-05-23 07:42:06', 0),
(6, '🚨 Server Database Down!', 'Koneksi ke master database terputus. Sistem beralih ke mode read-only.', 'CRITICAL', 'RESOLVED', NULL, '2026-05-23 07:42:11', 0),
(7, 'Kapasitas RAM Server Hampir Penuh', 'Penggunaan memori mencapai 88%. Menunggu auto-scaling aktif.', 'WARNING', 'OPEN', NULL, '2026-05-23 07:42:16', 1),
(8, 'Getaran Mesin B Melebihi Batas', 'Sensor mendeteksi getaran 15% di atas batas normal. Perlu pelumasan.', 'WARNING', 'RESOLVED', NULL, '2026-05-23 07:42:21', 0),
(9, 'Sinkronisasi Database Sukses', 'Backup data harian ke cloud selesai dalam 12 detik.', 'INFO', 'RESOLVED', NULL, '2026-05-23 07:42:26', 0),
(10, 'Pengecekan Rutin Mesin A', 'Suhu mesin stabil di 45°C. Tidak ada anomali.', 'INFO', 'RESOLVED', NULL, '2026-05-23 07:42:31', 0),
(11, '🚨 Kebocoran Pipa Valve Utama', 'Tekanan air menurun drastis! Terindikasi kebocoran parah pada ring valve C.', 'CRITICAL', 'RESOLVED', NULL, '2026-05-23 07:42:36', 0),
(12, 'Pengecekan Rutin Mesin A', 'Suhu mesin stabil di 45°C. Tidak ada anomali.', 'INFO', 'OPEN', NULL, '2026-05-23 07:42:41', 1),
(13, 'Kapasitas RAM Server Hampir Penuh', 'Penggunaan memori mencapai 88%. Menunggu auto-scaling aktif.', 'WARNING', 'OPEN', NULL, '2026-05-23 07:42:46', 1),
(14, '🚨 Overheat pada Motor Penggerak', 'Suhu motor utama menembus 110°C. Sistem otomatis mematikan daya (Emergency Stop).', 'CRITICAL', 'OPEN', NULL, '2026-05-23 07:42:51', 1),
(15, 'Kapasitas RAM Server Hampir Penuh', 'Penggunaan memori mencapai 88%. Menunggu auto-scaling aktif.', 'WARNING', 'OPEN', NULL, '2026-05-23 07:42:56', 1),
(16, 'Kapasitas RAM Server Hampir Penuh', 'Penggunaan memori mencapai 88%. Menunggu auto-scaling aktif.', 'WARNING', 'OPEN', NULL, '2026-05-23 07:43:01', 1),
(17, 'Tegangan Listrik Fluktuatif', 'Terjadi penurunan tegangan sesaat di panel utama gedung produksi.', 'WARNING', 'OPEN', NULL, '2026-05-23 07:43:06', 1),
(18, 'Getaran Mesin B Melebihi Batas', 'Sensor mendeteksi getaran 15% di atas batas normal. Perlu pelumasan.', 'WARNING', 'OPEN', NULL, '2026-05-23 07:43:11', 1),
(19, 'Kalibrasi Sensor Kelembapan', 'Sensor di sektor B telah dikalibrasi ulang oleh tim shift pagi.', 'INFO', 'OPEN', NULL, '2026-05-23 07:43:16', 1),
(20, '🚨 Kebocoran Pipa Valve Utama', 'Tekanan air menurun drastis! Terindikasi kebocoran parah pada ring valve C.', 'CRITICAL', 'RESOLVED', NULL, '2026-05-23 07:43:21', 1),
(21, 'Getaran Mesin B Melebihi Batas', 'Sensor mendeteksi getaran 15% di atas batas normal. Perlu pelumasan.', 'WARNING', 'RESOLVED', NULL, '2026-05-23 07:43:26', 0),
(22, 'Database bengkak', 'misal', 'CRITICAL', 'RESOLVED', 1, '2026-05-23 08:46:57', 0),
(23, 'database bengkak 2', 'misalnya', 'CRITICAL', 'RESOLVED', 1, '2026-05-23 08:47:17', 0),
(24, 'test', 'test', 'CRITICAL', 'RESOLVED', 1, '2026-05-23 09:08:20', 0),
(25, 'test2', 'test2', 'CRITICAL', 'RESOLVED', 1, '2026-05-23 09:08:44', 0),
(26, 'testb', 'testb2', 'INFO', 'RESOLVED', 1, '2026-05-23 10:04:30', 0),
(27, 'testc', 'testv', 'INFO', 'OPEN', 1, '2026-05-23 10:12:45', 1),
(28, 'test op', 'test op test', 'CRITICAL', 'RESOLVED', 1, '2026-05-23 10:41:52', 0),
(29, 'test32', '323131', 'CRITICAL', 'RESOLVED', 2, '2026-05-23 10:42:19', 0),
(30, 'test33', 'test33', 'CRITICAL', 'RESOLVED', 1, '2026-05-23 11:08:10', 0),
(31, 'test', 'test', 'CRITICAL', 'RESOLVED', 1, '2026-05-23 11:31:13', 0),
(32, 'nmnm', 'nmm', 'CRITICAL', 'RESOLVED', 2, '2026-05-23 12:41:57', 0),
(33, 'Kapasitas RAM Server Hampir Penuh', 'Penggunaan memori mencapai 88%. Menunggu auto-scaling aktif.', 'WARNING', 'RESOLVED', NULL, '2026-05-23 13:08:17', 0),
(34, 'Getaran Mesin B Melebihi Batas', 'Sensor mendeteksi getaran 15% di atas batas normal. Perlu pelumasan.', 'WARNING', 'INVESTIGATING', NULL, '2026-05-23 13:08:22', 0),
(35, 'Pengecekan Rutin Mesin A', 'Suhu mesin stabil di 45°C. Tidak ada anomali.', 'INFO', 'INVESTIGATING', NULL, '2026-05-23 13:08:27', 0),
(36, 'Getaran Mesin B Melebihi Batas', 'Sensor mendeteksi getaran 15% di atas batas normal. Perlu pelumasan.', 'WARNING', 'OPEN', NULL, '2026-05-23 13:08:32', 1),
(37, 'Getaran Mesin B Melebihi Batas', 'Sensor mendeteksi getaran 15% di atas batas normal. Perlu pelumasan.', 'WARNING', 'OPEN', NULL, '2026-05-23 13:08:37', 1),
(38, '🚨 Overheat pada Motor Penggerak', 'Suhu motor utama menembus 110°C. Sistem otomatis mematikan daya (Emergency Stop).', 'CRITICAL', 'RESOLVED', NULL, '2026-05-23 13:08:43', 0),
(39, 'Kalibrasi Sensor Kelembapan', 'Sensor di sektor B telah dikalibrasi ulang oleh tim shift pagi.', 'INFO', 'INVESTIGATING', NULL, '2026-05-23 13:08:48', 0),
(40, 'Pengecekan Rutin Mesin A', 'Suhu mesin stabil di 45°C. Tidak ada anomali.', 'INFO', 'OPEN', NULL, '2026-05-23 13:08:53', 0),
(41, 'Getaran Mesin B Melebihi Batas', 'Sensor mendeteksi getaran 15% di atas batas normal. Perlu pelumasan.', 'WARNING', 'INVESTIGATING', NULL, '2026-05-23 13:08:58', 0),
(42, '🚨 Kebocoran Pipa Valve Utama', 'Tekanan air menurun drastis! Terindikasi kebocoran parah pada ring valve C.', 'CRITICAL', 'RESOLVED', NULL, '2026-05-23 13:09:03', 0),
(43, 'Pengecekan Rutin Mesin A', 'Suhu mesin stabil di 45°C. Tidak ada anomali.', 'INFO', 'OPEN', NULL, '2026-05-23 13:09:08', 0),
(44, 'Sinkronisasi Database Sukses', 'Backup data harian ke cloud selesai dalam 12 detik.', 'INFO', 'OPEN', NULL, '2026-05-23 13:09:13', 0),
(45, 'Sinkronisasi Database Sukses', 'Backup data harian ke cloud selesai dalam 12 detik.', 'INFO', 'OPEN', NULL, '2026-05-23 13:09:18', 0),
(46, 'Tegangan Listrik Fluktuatif', 'Terjadi penurunan tegangan sesaat di panel utama gedung produksi.', 'WARNING', 'OPEN', NULL, '2026-05-23 13:09:23', 1),
(47, 'Tegangan Listrik Fluktuatif', 'Terjadi penurunan tegangan sesaat di panel utama gedung produksi.', 'WARNING', 'INVESTIGATING', NULL, '2026-05-23 13:09:28', 0),
(48, 'critical', 'critical 2', 'CRITICAL', 'INVESTIGATING', 1, '2026-05-23 13:50:35', 1),
(49, 'critical', 'critical 3', 'CRITICAL', 'RESOLVED', 1, '2026-05-23 13:50:50', 0),
(50, 'critical 2', 'critical 22', 'CRITICAL', 'RESOLVED', 1, '2026-05-23 13:51:13', 0),
(51, 'critical', 'critical', 'CRITICAL', 'RESOLVED', 2, '2026-05-23 22:03:49', 0),
(52, 'critical 2', 'critical2', 'CRITICAL', 'RESOLVED', 2, '2026-05-23 22:04:15', 0),
(53, 'warning', 'warning', 'WARNING', 'OPEN', 1, '2026-05-23 22:22:08', 0),
(54, 'parah', 'parah', 'CRITICAL', 'INVESTIGATING', 1, '2026-05-23 22:25:24', 0),
(55, 'Suhu Mesin B Turun', 'aman', 'INFO', 'OPEN', NULL, '2026-05-24 05:50:10', 0),
(60, 'Suhu Mesin W Naik drastis', 'Perlu Perbaikan', 'CRITICAL', 'RESOLVED', 2, '2026-05-24 06:12:44', 0),
(61, 'Alert Server', 'Ruangan Server mengalami kebocoran', 'CRITICAL', 'OPEN', 2, '2026-05-24 06:21:18', 0);

-- --------------------------------------------------------

--
-- Table structure for table `users`
--

CREATE TABLE `users` (
  `id` int NOT NULL,
  `nama` varchar(100) NOT NULL,
  `username` varchar(50) DEFAULT NULL,
  `password` varchar(255) DEFAULT NULL,
  `role` enum('Operator','Manager','System') DEFAULT 'Operator',
  `created_at` timestamp NULL DEFAULT CURRENT_TIMESTAMP
) ENGINE=InnoDB DEFAULT CHARSET=utf8mb4 COLLATE=utf8mb4_0900_ai_ci;

--
-- Dumping data for table `users`
--

INSERT INTO `users` (`id`, `nama`, `username`, `password`, `role`, `created_at`) VALUES
(1, 'Manager Satu', 'manager_utama', '$2b$10$4ZOZnP7oymUTCFi0G2GqjeDuZqR3uYJYDa8XNyeu7pn84NRCSfV0S', 'Manager', '2026-05-24 04:36:29'),
(2, 'Staf Lapangan', 'operator01', '$2b$10$4ZOZnP7oymUTCFi0G2GqjeDuZqR3uYJYDa8XNyeu7pn84NRCSfV0S', 'Operator', '2026-05-24 04:36:29');

--
-- Indexes for dumped tables
--

--
-- Indexes for table `audit_trails`
--
ALTER TABLE `audit_trails`
  ADD PRIMARY KEY (`id`),
  ADD KEY `incident_id` (`incident_id`),
  ADD KEY `user_id` (`user_id`);

--
-- Indexes for table `incident_logs`
--
ALTER TABLE `incident_logs`
  ADD PRIMARY KEY (`id`),
  ADD KEY `reporter_id` (`reporter_id`);

--
-- Indexes for table `users`
--
ALTER TABLE `users`
  ADD PRIMARY KEY (`id`),
  ADD UNIQUE KEY `username` (`username`);

--
-- AUTO_INCREMENT for dumped tables
--

--
-- AUTO_INCREMENT for table `audit_trails`
--
ALTER TABLE `audit_trails`
  MODIFY `id` int NOT NULL AUTO_INCREMENT, AUTO_INCREMENT=142;

--
-- AUTO_INCREMENT for table `incident_logs`
--
ALTER TABLE `incident_logs`
  MODIFY `id` int NOT NULL AUTO_INCREMENT, AUTO_INCREMENT=62;

--
-- AUTO_INCREMENT for table `users`
--
ALTER TABLE `users`
  MODIFY `id` int NOT NULL AUTO_INCREMENT, AUTO_INCREMENT=3;

--
-- Constraints for dumped tables
--

--
-- Constraints for table `audit_trails`
--
ALTER TABLE `audit_trails`
  ADD CONSTRAINT `audit_trails_ibfk_1` FOREIGN KEY (`incident_id`) REFERENCES `incident_logs` (`id`) ON DELETE CASCADE,
  ADD CONSTRAINT `audit_trails_ibfk_2` FOREIGN KEY (`user_id`) REFERENCES `users` (`id`) ON DELETE SET NULL;

--
-- Constraints for table `incident_logs`
--
ALTER TABLE `incident_logs`
  ADD CONSTRAINT `incident_logs_ibfk_1` FOREIGN KEY (`reporter_id`) REFERENCES `users` (`id`) ON DELETE SET NULL;
COMMIT;

/*!40101 SET CHARACTER_SET_CLIENT=@OLD_CHARACTER_SET_CLIENT */;
/*!40101 SET CHARACTER_SET_RESULTS=@OLD_CHARACTER_SET_RESULTS */;
/*!40101 SET COLLATION_CONNECTION=@OLD_COLLATION_CONNECTION */;
